traceID,spanID,process.serviceName,operationName,startTime,startTimeMillis,duration,tags,references,references.0.refType,references.0.spanID,references.0.traceID
70e6da5116dd1c5,b5f92c82e6ef98e2,nginx-web-server,register_client,1669361909231510,1669361909231,25747,,,CHILD_OF,3612083a93b02564,70e6da5116dd1c5
251808373858876e,dc64f4a0be577328,nginx-web-server,register_client,1669361909232104,1669361909232,41054,,,CHILD_OF,89e5016665520fc6,251808373858876e
1574deef053c7a28,d196d738550a7c08,nginx-web-server,register_client,1669361909232711,1669361909232,42766,,,CHILD_OF,2cfb0d1eb1556f08,1574deef053c7a28
3226fdfb7792d92e,e5b78155f8bcd0d9,nginx-web-server,register_client,1669361909233308,1669361909233,44849,,,CHILD_OF,36c9889c30df2663,3226fdfb7792d92e
6020096aaaefd23,76680cc8846b66b,nginx-web-server,register_client,1669361909234380,1669361909234,51202,,,CHILD_OF,6085b0fa9fd99e5c,6020096aaaefd23
16d3680227d02ac9,c22bc345db62e9b0,nginx-web-server,register_client,1669361909234451,1669361909234,189094,,,CHILD_OF,8ce97d6cc1d08b9d,16d3680227d02ac9
2445b2f270348e63,73760dce4fdb393e,nginx-web-server,register_client,1669361909234609,1669361909234,179657,,,CHILD_OF,9aba053e29701e3d,2445b2f270348e63
1e6d3f3116455743,6d70d84d4e55d1a,nginx-web-server,register_client,1669361909234650,1669361909234,48718,,,CHILD_OF,33a783dbd0b3a5e9,1e6d3f3116455743
2dc77b716eec907e,4bf5854696e50660,nginx-web-server,register_client,1669361909234792,1669361909234,173870,,,CHILD_OF,f482f0d6f6de4d74,2dc77b716eec907e
3303734a8405ad54,3a21ed40b1e9a986,nginx-web-server,register_client,1669361909234823,1669361909234,174620,,,CHILD_OF,15b69b60be52214b,3303734a8405ad54
24aa0bae9894345f,515a8402fddf980b,nginx-web-server,register_client,1669361909235049,1669361909235,50040,,,CHILD_OF,c5af97152c431240,24aa0bae9894345f
238ba83ed1fcee97,3a0f906ba3261272,nginx-web-server,register_client,1669361909235300,1669361909235,51380,,,CHILD_OF,f442578b500a1b73,238ba83ed1fcee97
1721e6345ce96a29,d3e0be7546ab819e,nginx-web-server,register_client,1669361909235865,1669361909235,169813,,,CHILD_OF,effd25e236c0a0f8,1721e6345ce96a29
1a1c31456c620d7a,e44866b99e62092a,nginx-web-server,register_client,1669361909236161,1669361909236,55639,,,CHILD_OF,195ee066bcb7879c,1a1c31456c620d7a
2b82fbcefb533add,46ac4209afd7da7,nginx-web-server,register_client,1669361909236324,1669361909236,165651,,,CHILD_OF,32b6b127b04ab222,2b82fbcefb533add
ba7e3878b30c893,dfd9acb8c936c368,nginx-web-server,register_client,1669361909236429,1669361909236,53329,,,CHILD_OF,e926ffe82931690b,ba7e3878b30c893
26e1c0a1e7b65a4d,c9c77a329e90b909,nginx-web-server,register_client,1669361909236533,1669361909236,75225,,,CHILD_OF,a4631386bd604bad,26e1c0a1e7b65a4d
1e6066f139678897,d1649d33ffcaf449,nginx-web-server,register_client,1669361909236620,1669361909236,157599,,,CHILD_OF,5a823eafccba7636,1e6066f139678897
10c845bdf9598f24,95ddb83484574bbd,nginx-web-server,register_client,1669361909236665,1669361909236,148673,,,CHILD_OF,699ef8a2537628ab,10c845bdf9598f24
18bdc0deca803943,fb0607ccd3c15820,nginx-web-server,register_client,1669361909236814,1669361909236,142838,,,CHILD_OF,3be1f31b9b211e87,18bdc0deca803943
1e03f4e5d6ffa48f,8ab5519379b3063e,nginx-web-server,register_client,1669361909236980,1669361909236,53271,,,CHILD_OF,a405f230395b71bf,1e03f4e5d6ffa48f
382a17bd2fe9b38,8d7730b68169531a,nginx-web-server,register_client,1669361909237020,1669361909237,153908,,,CHILD_OF,f546431791448b62,382a17bd2fe9b38
1d986e1ca3d336c,969fd0ded79b261,nginx-web-server,register_client,1669361909237288,1669361909237,77046,,,CHILD_OF,65eefb19971b0ec4,1d986e1ca3d336c
ecaf0cf638f0dbb,4e650980980c959a,nginx-web-server,register_client,1669361909237295,1669361909237,107448,,,CHILD_OF,e7e6538196dab79c,ecaf0cf638f0dbb
2d36a447d93e269b,af9fe03fe8a488dd,nginx-web-server,register_client,1669361909237601,1669361909237,72300,,,CHILD_OF,fb611f193e5455c3,2d36a447d93e269b
1e9470952afa07a3,dfdc97ba1b88f60a,nginx-web-server,register_client,1669361909237610,1669361909237,102005,,,CHILD_OF,768987c564cf81,1e9470952afa07a3
41f92cc6265c42a,24ca7101f2f62a93,nginx-web-server,register_client,1669361909237809,1669361909237,76000,,,CHILD_OF,b3edaf45178d2f0d,41f92cc6265c42a
182b9776ab17c2d,16f6d8650100e1ef,nginx-web-server,register_client,1669361909238033,1669361909238,95879,,,CHILD_OF,e68efe38f2afd254,182b9776ab17c2d
1385dc63ba07bd84,5aff00138591d135,nginx-web-server,register_client,1669361909238117,1669361909238,84379,,,CHILD_OF,3193767a73736a7d,1385dc63ba07bd84
bae6d80ae553e1f,e253c3a6a63e2616,nginx-web-server,register_client,1669361909238660,1669361909238,101281,,,CHILD_OF,1cfb96b07910a906,bae6d80ae553e1f
329f6dce00360ffa,8c552c373c312b9d,nginx-web-server,register_client,1669361909238727,1669361909238,86089,,,CHILD_OF,ac4f2e66adfe17d3,329f6dce00360ffa
22b9c1eab281cc67,8ba560802d4245c4,nginx-web-server,register_client,1669361909238800,1669361909238,78731,,,CHILD_OF,f2a90ecf0e98f750,22b9c1eab281cc67
287c6365eb6c7de0,233b06b15a3a996b,nginx-web-server,register_client,1669361909242182,1669361909242,79580,,,CHILD_OF,6213bdb1af3cce9c,287c6365eb6c7de0
1751d54eda9eefe4,d259371e9d3c7e2f,nginx-web-server,register_client,1669361909266907,1669361909266,165821,,,CHILD_OF,1cbb2fdeed0f61eb,1751d54eda9eefe4
7c74b7d1040b1a4,6bc400d04e6585c4,nginx-web-server,register_client,1669361909291959,1669361909291,155070,,,CHILD_OF,e53133f86681303b,7c74b7d1040b1a4
14b29a66b7824a72,20dd9a09b78d818a,nginx-web-server,register_client,1669361909292881,1669361909292,158892,,,CHILD_OF,a3366cf60955f297,14b29a66b7824a72
18c0a1d8036c352d,339eab5d4d46f8ca,nginx-web-server,register_client,1669361909294718,1669361909294,161479,,,CHILD_OF,df4afeaf63d256ef,18c0a1d8036c352d
2e76741206c0a5d5,5dcd62d66acc6884,nginx-web-server,register_client,1669361909295228,1669361909295,161119,,,CHILD_OF,28f212149496516b,2e76741206c0a5d5
28bc1aa751c2c34a,601c182d0e89c7c8,nginx-web-server,register_client,1669361909299802,1669361909299,23134,,,CHILD_OF,95236d4b2432f450,28bc1aa751c2c34a
5bf23fc4b3362b8,ece7dc79a75a558a,nginx-web-server,register_client,1669361909301495,1669361909301,18147,,,CHILD_OF,6803f97321c7a61d,5bf23fc4b3362b8
d47aa5bffd6bdda,6789ceefa2f2c00b,nginx-web-server,register_client,1669361909340355,1669361909340,13647,,,CHILD_OF,4150a5abc978fc12,d47aa5bffd6bdda
21c73b8cdcfd8486,90c0d26dd4631df0,nginx-web-server,register_client,1669361909342135,1669361909342,9968,,,CHILD_OF,b4de02bb44d57ff4,21c73b8cdcfd8486
6e63718f5276be1,c4cbd05c9b8103bd,nginx-web-server,register_client,1669361909345327,1669361909345,25254,,,CHILD_OF,5df13c807dbe819a,6e63718f5276be1
217f15f219f2a803,e9ab89f6f047cbf0,nginx-web-server,register_client,1669361909345850,1669361909345,22889,,,CHILD_OF,d664aaed22b5a729,217f15f219f2a803
24f1d539c7cf95f9,5765e91f240d8b8c,nginx-web-server,register_client,1669361909346842,1669361909346,31744,,,CHILD_OF,b8b16272f2559a16,24f1d539c7cf95f9
2b242018b2031843,7d3437700be0ada8,nginx-web-server,register_client,1669361909583677,1669361909583,82604,,,CHILD_OF,2b46384fdf1e5721,2b242018b2031843
aa3061dbfe79063,d57d899b6cadac4,nginx-web-server,register_client,1669361909583910,1669361909583,94669,,,CHILD_OF,cc81dc5c515c003b,aa3061dbfe79063
2cbbe46541582e09,df5bee35bb25774f,nginx-web-server,register_client,1669361909584087,1669361909584,83549,,,CHILD_OF,6903ff672a7079b7,2cbbe46541582e09
2fbcacd84286a3a4,98b78aa8b0c94a38,nginx-web-server,register_client,1669361909584343,1669361909584,89579,,,CHILD_OF,a4e05e5f851c9c7b,2fbcacd84286a3a4
2fc4161fbf48ce1f,d5eb542a7e0181e0,nginx-web-server,register_client,1669361909584459,1669361909584,226215,,,CHILD_OF,9100e71ed80eb561,2fc4161fbf48ce1f
2b6c39cacba807b8,d557c6d123a243f6,nginx-web-server,register_client,1669361909585087,1669361909585,87327,,,CHILD_OF,6a9785f536a24e76,2b6c39cacba807b8
f54e209db037d5,c5fcc7addbcd479,nginx-web-server,register_client,1669361909585873,1669361909585,84400,,,CHILD_OF,d23515a8289bb184,f54e209db037d5
3329f5885617adcb,9d0bc6a8082abcd0,nginx-web-server,register_client,1669361909586107,1669361909586,214997,,,CHILD_OF,50c95783bb8d7f92,3329f5885617adcb
291cfe3e23e1374,d583330cd81af0b8,nginx-web-server,register_client,1669361909586469,1669361909586,219334,,,CHILD_OF,b775ffea213d4eef,291cfe3e23e1374
5ddaacf7ad865ad,fd4fbb48d7ae91e3,nginx-web-server,register_client,1669361909586708,1669361909586,195272,,,CHILD_OF,b71c5407c3440204,5ddaacf7ad865ad
ab5da400dd04cb0,ed50b9d8d5a20c39,nginx-web-server,register_client,1669361909586851,1669361909586,80454,,,CHILD_OF,911f2c7849de58a8,ab5da400dd04cb0
2ce3899e1b2d1a2d,18abbcec535fec21,nginx-web-server,register_client,1669361909591524,1669361909591,127097,,,CHILD_OF,abe9ef1f92e5774a,2ce3899e1b2d1a2d
287cd12bd870d5f0,1457e9b217bf315b,nginx-web-server,register_client,1669361909591808,1669361909591,205001,,,CHILD_OF,44beea93eaa02336,287cd12bd870d5f0
150d20098c1c38ac,2bf7d8f8c7604dcc,nginx-web-server,register_client,1669361909592321,1669361909592,117927,,,CHILD_OF,2138bda9a4d4b745,150d20098c1c38ac
1f0d2dc55d29b91e,8fa9a9526c9bc50a,nginx-web-server,register_client,1669361909593228,1669361909593,206930,,,CHILD_OF,e2ef8a2ad90a162d,1f0d2dc55d29b91e
81618f18c15ca70,7b692a5dad881a49,nginx-web-server,register_client,1669361909601011,1669361909601,70535,,,CHILD_OF,6c14c657f1109c55,81618f18c15ca70
203502afc4242f68,31f0fd68c92a88b0,nginx-web-server,register_client,1669361909606343,1669361909606,177244,,,CHILD_OF,f0c2128a46cde613,203502afc4242f68
2d00ba0b97a3eec5,45df448de929e392,nginx-web-server,register_client,1669361909606470,1669361909606,181365,,,CHILD_OF,d04958d18f700a6e,2d00ba0b97a3eec5
1b6a0e8fd57f6a60,cc332ac98482a02,nginx-web-server,register_client,1669361909606594,1669361909606,175048,,,CHILD_OF,e43ecae629a4fbd2,1b6a0e8fd57f6a60
1a29a25b462ff97,d441a7ca420b2ff6,nginx-web-server,register_client,1669361909606729,1669361909606,96349,,,CHILD_OF,eab291070d928441,1a29a25b462ff97
1ef3de522a778565,4ad021917dff36d,nginx-web-server,register_client,1669361909607838,1669361909607,69970,,,CHILD_OF,af9baf116adda0ef,1ef3de522a778565
1d2c04cd6f5f36d9,33e1b862c4be5efa,nginx-web-server,register_client,1669361909608722,1669361909608,178194,,,CHILD_OF,14aa5daecdd61bdf,1d2c04cd6f5f36d9
c791bee49c8e3ea,da84bc1d39e8b0a0,nginx-web-server,register_client,1669361909616822,1669361909616,172413,,,CHILD_OF,e88fdb25613c310,c791bee49c8e3ea
3ccb3f54d1d180e,67a6b4c716776ba3,nginx-web-server,register_client,1669361909625645,1669361909625,195202,,,CHILD_OF,c30d12ebf0c2fef,3ccb3f54d1d180e
b468bfb4d8ee864,29fa24379e27679b,nginx-web-server,register_client,1669361909628410,1669361909628,191373,,,CHILD_OF,99b4a68213493c69,b468bfb4d8ee864
f3c7b235d805d28,d31c618928368427,nginx-web-server,register_client,1669361909628642,1669361909628,182850,,,CHILD_OF,34850b456993a872,f3c7b235d805d28
dbe1d0febe60473,ef96e035e2be6361,nginx-web-server,register_client,1669361909628930,1669361909628,48871,,,CHILD_OF,f2079b97d545227c,dbe1d0febe60473
26cdac9d1905b531,e6162d647af4143,nginx-web-server,register_client,1669361909629973,1669361909629,46189,,,CHILD_OF,3d97db538c7ba28a,26cdac9d1905b531
2c234da1f83ce8c,51b4737e3dce964d,nginx-web-server,register_client,1669361909636660,1669361909636,103718,,,CHILD_OF,d815a9183ff4dc7c,2c234da1f83ce8c
1c43a90fe14e3c8c,5dce7e07b64e74fa,nginx-web-server,register_client,1669361909637420,1669361909637,102661,,,CHILD_OF,75a1070e6b1b90e8,1c43a90fe14e3c8c
a5ea2c4021caa6e,6fec5f37eb7270ae,nginx-web-server,register_client,1669361909637776,1669361909637,142386,,,CHILD_OF,32c78930734e0d15,a5ea2c4021caa6e
24f0618eaec1ebdb,e12e1801e5c9d14c,nginx-web-server,register_client,1669361909639136,1669361909639,123049,,,CHILD_OF,157bf6b8979fd06,24f0618eaec1ebdb
e98ca5d32df9ff7,259a876392b10331,nginx-web-server,register_client,1669361909648737,1669361909648,53747,,,CHILD_OF,6ec67deb2c877ce3,e98ca5d32df9ff7
1b50623214b7382,aa9a300547680fcc,nginx-web-server,register_client,1669361909648873,1669361909648,48668,,,CHILD_OF,b3c244a332e164c0,1b50623214b7382
185719941b8edb99,1422a22013ccaf15,nginx-web-server,register_client,1669361909649268,1669361909649,32196,,,CHILD_OF,8ec5f85f5556190,185719941b8edb99
15efc24dc82feac5,2d086a67eeceb924,nginx-web-server,register_client,1669361909649521,1669361909649,46180,,,CHILD_OF,c6383e9d08b0dd7b,15efc24dc82feac5
2a56b7c3bff535a3,85049e643017703b,nginx-web-server,register_client,1669361909650112,1669361909650,179845,,,CHILD_OF,58ceaeddc6175eb2,2a56b7c3bff535a3
f17c2a3c64ebd4b,6d6e919dc7ed94c1,nginx-web-server,register_client,1669361909650929,1669361909650,192431,,,CHILD_OF,a99e4c56c3fdd525,f17c2a3c64ebd4b
27d698548154ef6e,1577bbe58bd4d7d0,nginx-web-server,register_client,1669361909651313,1669361909651,184395,,,CHILD_OF,b1161aeb10b785f0,27d698548154ef6e
d3d6d1b9e67da1,88a512f7d7647e11,nginx-web-server,register_client,1669361909658044,1669361909658,91263,,,CHILD_OF,49e19b5cd0425543,d3d6d1b9e67da1
1e270efc0964e5d9,5e1742d425a60bc6,nginx-web-server,register_client,1669361909662876,1669361909662,101037,,,CHILD_OF,6de8c926567e8aff,1e270efc0964e5d9
2922e46de7a19f8a,4727bcf335d696f,nginx-web-server,register_client,1669361909662993,1669361909662,93212,,,CHILD_OF,5ac9d7e3b186e638,2922e46de7a19f8a
c124c22d8a52fe5,10b5cd279c0d5c2a,nginx-web-server,register_client,1669361909663287,1669361909663,102216,,,CHILD_OF,cfe51ab5099d1067,c124c22d8a52fe5
2f31fb5a06ae5e56,36903c115220a6f0,nginx-web-server,register_client,1669361909664893,1669361909664,48972,,,CHILD_OF,787f5c8a08be9708,2f31fb5a06ae5e56
45a5bb7923c2fa0,f5b51ea337606d44,nginx-web-server,register_client,1669361909665248,1669361909665,49694,,,CHILD_OF,d408a4c6d54d869,45a5bb7923c2fa0
27cddcbc968d92f2,84629a6501f88958,nginx-web-server,register_client,1669361909665367,1669361909665,180559,,,CHILD_OF,457458c7271f6ed6,27cddcbc968d92f2
32d25541d89d084e,2ffa24aa0b75064c,nginx-web-server,register_client,1669361909668858,1669361909668,105461,,,CHILD_OF,da864c1ad8e26e16,32d25541d89d084e
1f0dc877eb230a95,ecf2b4a21af0b79b,nginx-web-server,register_client,1669361909669436,1669361909669,68965,,,CHILD_OF,1a3e0f1cca4e3bbd,1f0dc877eb230a95
f7bc3e6cb054232,8690c89c3d153a7,nginx-web-server,register_client,1669361909968480,1669361909968,208345,,,CHILD_OF,13955fb53208e61f,f7bc3e6cb054232
1a28f6ed2e0fe973,660aa5b41ccfb986,nginx-web-server,register_client,1669361909969523,1669361909969,203579,,,CHILD_OF,c28ff7044e93561c,1a28f6ed2e0fe973
13538e74dac2fad8,76094befc70f2abe,nginx-web-server,register_client,1669361909969885,1669361909969,157270,,,CHILD_OF,424e6f52ab985db,13538e74dac2fad8
2066c7a0c958c0f3,3ea44ac613430a4d,nginx-web-server,register_client,1669361909970652,1669361909970,178469,,,CHILD_OF,dd64ba7998ada12e,2066c7a0c958c0f3
236ea58d5163f4b6,34ea65278320996b,nginx-web-server,register_client,1669361909972213,1669361909972,110898,,,CHILD_OF,dc330b7d68f9ccdd,236ea58d5163f4b6
6d609ca6c6250a0,b85ef476074664bd,nginx-web-server,register_client,1669361909972929,1669361909972,192448,,,CHILD_OF,f94a0c1a8e78360a,6d609ca6c6250a0
98124433caacb56,85940e9b53fd6499,nginx-web-server,register_client,1669361909973184,1669361909973,138608,,,CHILD_OF,9dd64acfd4a43671,98124433caacb56
32df6833edd6324f,fbe01340c61d89cc,nginx-web-server,register_client,1669361909973314,1669361909973,114686,,,CHILD_OF,d9be99600e9330b8,32df6833edd6324f
2069a7d9f5d85ca6,9ecb4a13ef6e3f94,nginx-web-server,register_client,1669361909973857,1669361909973,139043,,,CHILD_OF,5650b594d6cc9273,2069a7d9f5d85ca6
ee0946d5052bb95,b88f2e600cd6d55f,nginx-web-server,register_client,1669361909978296,1669361909978,120639,,,CHILD_OF,8a576f841169d0a8,ee0946d5052bb95
2055d428ad328f76,c44d6a022c686fd2,nginx-web-server,register_client,1669361909978418,1669361909978,95805,,,CHILD_OF,5e5648a9b0156405,2055d428ad328f76
2472bdb70b810134,c6d16324f4dd47b6,nginx-web-server,register_client,1669361909978767,1669361909978,181005,,,CHILD_OF,17c0c79c52f6229b,2472bdb70b810134
3e7fdf3c14a0208,3c7ba9e3db879354,nginx-web-server,register_client,1669361909979122,1669361909979,105998,,,CHILD_OF,220afc4b89d4217c,3e7fdf3c14a0208
250fc1920112f3f1,851df7d7ff51ff6a,nginx-web-server,register_client,1669361909980235,1669361909980,93679,,,CHILD_OF,b7995d94a2e34843,250fc1920112f3f1
2d101e81c1d171fc,f52cc109300684f4,nginx-web-server,register_client,1669361909980352,1669361909980,101230,,,CHILD_OF,a6f46bdc4267e85c,2d101e81c1d171fc
ccbbc95d13963b8,43db7a6aaa4a055,nginx-web-server,register_client,1669361909983518,1669361909983,158272,,,CHILD_OF,84d182f16b8388e1,ccbbc95d13963b8
1a21422b94959278,5419b00bef80caff,nginx-web-server,register_client,1669361909983747,1669361909983,298755,,,CHILD_OF,8fa65ad9222a6810,1a21422b94959278
32b891d02b79e4eb,3f7c0c46495cbf9b,nginx-web-server,register_client,1669361909984228,1669361909984,175745,,,CHILD_OF,d1ea95fb09152340,32b891d02b79e4eb
f4c3f8dac317917,a5a574bb420eb26b,nginx-web-server,register_client,1669361909984660,1669361909984,101552,,,CHILD_OF,7ec3065c18b06334,f4c3f8dac317917
e2f9a98ff12f988,9951e511b6db60c2,nginx-web-server,register_client,1669361909986915,1669361909986,106908,,,CHILD_OF,c04b8855deada52a,e2f9a98ff12f988
28fc9c2077f43d44,d2bd3594c2c74798,nginx-web-server,register_client,1669361909987032,1669361909987,97430,,,CHILD_OF,4baee20108021c5c,28fc9c2077f43d44
1360b1538f0c3cf9,5af9949ff13528ae,nginx-web-server,register_client,1669361909990141,1669361909990,118379,,,CHILD_OF,12b360c7e1ec768c,1360b1538f0c3cf9
28dd262ac5103925,1ae091a32cd1746a,nginx-web-server,register_client,1669361909991208,1669361909991,220813,,,CHILD_OF,1ba8be2c18ee9442,28dd262ac5103925
2fcc25b4c761e7cc,4ff047fd5498d057,nginx-web-server,register_client,1669361909992367,1669361909992,302134,,,CHILD_OF,c054549168f527ad,2fcc25b4c761e7cc
229a440c180cd0a0,f8ab01bf11e53e07,nginx-web-server,register_client,1669361909996444,1669361909996,222151,,,CHILD_OF,1a10e0b005326569,229a440c180cd0a0
32bf3d6aad208961,7ff8ed0e8faecc6e,nginx-web-server,register_client,1669361909997128,1669361909997,224415,,,CHILD_OF,4a7e15b29944597,32bf3d6aad208961
10b9f166b5189c7b,3864661bc953401d,nginx-web-server,register_client,1669361909999725,1669361909999,226900,,,CHILD_OF,9f738f48f5ae4bd2,10b9f166b5189c7b
2dca7c7032751331,30dc0e7b2f31beb3,nginx-web-server,register_client,1669361910003357,1669361910003,219272,,,CHILD_OF,65f1c621284205ed,2dca7c7032751331
3b93b6e39c4c5b0,a5d362983de51ad7,nginx-web-server,register_client,1669361910003509,1669361910003,207552,,,CHILD_OF,dc47ff6e4a5eb6d6,3b93b6e39c4c5b0
125361188b49c378,dd5410605b1e9837,nginx-web-server,register_client,1669361910005811,1669361910005,201513,,,CHILD_OF,70632c256c346,125361188b49c378
1ee898ef244df4d7,45f794dd6399b57e,nginx-web-server,register_client,1669361910006228,1669361910006,246085,,,CHILD_OF,ef00ce4f6eba77b7,1ee898ef244df4d7
1a009aab887ed4ef,a4dc223a366ac6d1,nginx-web-server,register_client,1669361910006475,1669361910006,270509,,,CHILD_OF,b9fa62901a4cbdf4,1a009aab887ed4ef
256e68fc7930e51d,393b32798749f55f,nginx-web-server,register_client,1669361910015716,1669361910015,143154,,,CHILD_OF,304a10f052a42af0,256e68fc7930e51d
14c041c16dcb324e,e3508db9415f1630,nginx-web-server,register_client,1669361910018183,1669361910018,117681,,,CHILD_OF,e1c4e9b33643b226,14c041c16dcb324e
9086e8ba9ca6e7,cff1703df7edd252,nginx-web-server,register_client,1669361910019713,1669361910019,288862,,,CHILD_OF,a8f8b986e1061739,9086e8ba9ca6e7
2ef81309a034bcd1,37792f41261c5c43,nginx-web-server,register_client,1669361910035515,1669361910035,286447,,,CHILD_OF,6140edbf8d044f3,2ef81309a034bcd1
1c85f2b8f8065a29,a2028fbb66b8659e,nginx-web-server,register_client,1669361910036767,1669361910036,161923,,,CHILD_OF,e65d30c3dd74e406,1c85f2b8f8065a29
60f0f674e18b48f,c63548519e71b71b,nginx-web-server,register_client,1669361910046154,1669361910046,88232,,,CHILD_OF,3eedde4a253c0d0c,60f0f674e18b48f
31aaba0bdca58ddf,394f2b76e5ff6263,nginx-web-server,register_client,1669361910454614,1669361910454,22939,,,CHILD_OF,ea6e027018e478b4,31aaba0bdca58ddf
310ad2a2181d66f3,3853334fd81ced83,nginx-web-server,register_client,1669361910459745,1669361910459,221021,,,CHILD_OF,8aa47525bb7633cb,310ad2a2181d66f3
912c9d45b388794,124c940847947e34,nginx-web-server,register_client,1669361910460312,1669361910460,245215,,,CHILD_OF,9c07ab70dcca8505,912c9d45b388794
f9716c21e57449,7017c7095b416bed,nginx-web-server,register_client,1669361910460590,1669361910460,239426,,,CHILD_OF,2734644d48dbf0db,f9716c21e57449
1a7ea007430baa9d,572ef902e09f9ac6,nginx-web-server,register_client,1669361910460980,1669361910460,240829,,,CHILD_OF,e690203877c18d8,1a7ea007430baa9d
13a2541f517bb295,196d1e30385c5057,nginx-web-server,register_client,1669361910461257,1669361910461,173683,,,CHILD_OF,4e1c87d1c614a6b2,13a2541f517bb295
209f91055c478541,969c43c43fd040f2,nginx-web-server,register_client,1669361910463343,1669361910463,213469,,,CHILD_OF,3829b58d228da1e3,209f91055c478541
2b02c379dec9e7b7,48e1ab9ef20230a4,nginx-web-server,register_client,1669361910463591,1669361910463,184995,,,CHILD_OF,d1e6502c31d3a3cd,2b02c379dec9e7b7
407da8bb199d731,d633faf03fb0b6db,nginx-web-server,register_client,1669361910465498,1669361910465,122016,,,CHILD_OF,bcf1021fc97818d6,407da8bb199d731
26406f404911f8d9,10e045550e3fdabd,nginx-web-server,register_client,1669361910466565,1669361910466,254544,,,CHILD_OF,e611fa125ec308ad,26406f404911f8d9
32a6ae80336eab2c,df26b0142bb3757f,nginx-web-server,register_client,1669361910467936,1669361910467,103923,,,CHILD_OF,5b6a4691cb8388a,32a6ae80336eab2c
1c66a45a2d1a0f9c,50e380ff01490c3d,nginx-web-server,register_client,1669361910469010,1669361910469,107179,,,CHILD_OF,1a72d52736cd02e6,1c66a45a2d1a0f9c
1c9467f4ec1a5d29,a528cc52eeb6c97,nginx-web-server,register_client,1669361910470154,1669361910470,117044,,,CHILD_OF,e8964a017514fea6,1c9467f4ec1a5d29
e17c10241f6487a,d2a6dbe8fe95e446,nginx-web-server,register_client,1669361910473509,1669361910473,285494,,,CHILD_OF,305a07461d86bf99,e17c10241f6487a
31002913918c960f,2bc8dcb3446bc8d4,nginx-web-server,register_client,1669361910478617,1669361910478,265504,,,CHILD_OF,7b00783464a231a8,31002913918c960f
b7a3fd21dd1ef49,3d879a692511562,nginx-web-server,register_client,1669361910479324,1669361910479,263579,,,CHILD_OF,6d9449aa5f4b7c98,b7a3fd21dd1ef49
572ee043ce46c54,4119cc2fe954314f,nginx-web-server,register_client,1669361910480461,1669361910480,42238,,,CHILD_OF,46675aaaf9998c9b,572ee043ce46c54
3af8f7051072ed0,1ee80ff84245fb00,nginx-web-server,register_client,1669361910481069,1669361910481,109538,,,CHILD_OF,8237084784fa6c1e,3af8f7051072ed0
1b79986d35596cbb,b5d2f71d0101dd03,nginx-web-server,register_client,1669361910481963,1669361910481,158281,,,CHILD_OF,3ce2c04fda30b00f,1b79986d35596cbb
5a78efdb6fb4793,9926f8d30236a686,nginx-web-server,register_client,1669361910482810,1669361910482,234471,,,CHILD_OF,fd0ba68862b27937,5a78efdb6fb4793
11676e690778fa9a,9ae010151f85c36b,nginx-web-server,register_client,1669361910483761,1669361910483,154689,,,CHILD_OF,a79add953ea13052,11676e690778fa9a
1c13e075829491a1,60a1fdd63cf98d4f,nginx-web-server,register_client,1669361910484043,1669361910484,148281,,,CHILD_OF,3905eb1991bd16d3,1c13e075829491a1
1bde74b6b2a44da9,551e114b854431ac,nginx-web-server,register_client,1669361910485117,1669361910485,58736,,,CHILD_OF,370ac9147956728c,1bde74b6b2a44da9
2f5b999a699b7849,d0525a99cfc452ae,nginx-web-server,register_client,1669361910486012,1669361910486,144580,,,CHILD_OF,a7b622941d7fa4fc,2f5b999a699b7849
183d2c38bcd24fbb,2107b4254a297f07,nginx-web-server,register_client,1669361910486750,1669361910486,47151,,,CHILD_OF,44bc6d2222e6dfdf,183d2c38bcd24fbb
23473e65ff4db447,61c33723cbc63f91,nginx-web-server,register_client,1669361910489524,1669361910489,143276,,,CHILD_OF,acf06e32e75ffd7,23473e65ff4db447
2d5f26c108deba56,713188639a5b4b72,nginx-web-server,register_client,1669361910494487,1669361910494,58472,,,CHILD_OF,e25a82a8a5f990ae,2d5f26c108deba56
a4acb315423310,2e541308940d86d7,nginx-web-server,register_client,1669361910500647,1669361910500,50002,,,CHILD_OF,bbb685ba2c87aee0,a4acb315423310
2bbe1c9a0c7dae51,37f4f3b5883ffcfa,nginx-web-server,register_client,1669361910500772,1669361910500,44410,,,CHILD_OF,f62ca71a81e53fef,2bbe1c9a0c7dae51
d7aa35a8cd0db0c,267dd6b144a7c1c8,nginx-web-server,register_client,1669361910502677,1669361910502,46907,,,CHILD_OF,180e803846991ad0,d7aa35a8cd0db0c
19b5e96d532594ce,43a17c3609425ea3,nginx-web-server,register_client,1669361910502801,1669361910502,41684,,,CHILD_OF,abc648e2ab8e89e7,19b5e96d532594ce
306f909c100bf299,33c4ada7305f7383,nginx-web-server,register_client,1669361910502937,1669361910502,41874,,,CHILD_OF,c410096ef2c15f7b,306f909c100bf299
1044acce397f832e,c6dc6b72ba0c1108,nginx-web-server,register_client,1669361910510004,1669361910510,177172,,,CHILD_OF,474e56cce9345dcb,1044acce397f832e
2c484ca8e4a55ca1,95430dbf640af782,nginx-web-server,register_client,1669361910510526,1669361910510,262428,,,CHILD_OF,dc4bca127d7458da,2c484ca8e4a55ca1
198aa3ac565de2e4,ba5c4f6d9c881b2b,nginx-web-server,register_client,1669361910521907,1669361910521,81254,,,CHILD_OF,e0ec13348c0250f6,198aa3ac565de2e4
d2abfc0d8f19c05,7308c6c836e9e273,nginx-web-server,register_client,1669361910522182,1669361910522,248793,,,CHILD_OF,235d096ef524241d,d2abfc0d8f19c05
c17521c1e233f3c,d334b19090223074,nginx-web-server,register_client,1669361910526377,1669361910526,167814,,,CHILD_OF,425392824831eba9,c17521c1e233f3c
eb9b4c4806f78e7,a43499c744783885,nginx-web-server,register_client,1669361910529316,1669361910529,162182,,,CHILD_OF,a81705b48d2c9db9,eb9b4c4806f78e7
4ed6f794d8d6399,4338d4fa876c7ed3,nginx-web-server,register_client,1669361910530603,1669361910530,158289,,,CHILD_OF,4cdf56a035cf0c39,4ed6f794d8d6399
9439824522a3022,376929572bd37173,nginx-web-server,register_client,1669361910886094,1669361910886,119990,,,CHILD_OF,b6d2a927879d5b63,9439824522a3022
15c1dbbbf80188dd,eacdaf6f7e6041fa,nginx-web-server,register_client,1669361910892725,1669361910892,127712,,,CHILD_OF,c9d29909c314f69d,15c1dbbbf80188dd
f576cc700c30e04,783cbda08c8ced8,nginx-web-server,register_client,1669361910893782,1669361910893,89968,,,CHILD_OF,c014e42cbd65088d,f576cc700c30e04
31416089f438b25f,f8a45cb79722bfd5,nginx-web-server,register_client,1669361910898575,1669361910898,127332,,,CHILD_OF,daba593b7108d1ba,31416089f438b25f
2f88f3bdcac93400,15552fbaa1996dfd,nginx-web-server,register_client,1669361910898931,1669361910898,126834,,,CHILD_OF,bb2dc74777b74be7,2f88f3bdcac93400
20bbb8e5a0408c15,b4a494c01b21c9f5,nginx-web-server,register_client,1669361910899289,1669361910899,165410,,,CHILD_OF,6350081ec3da3627,20bbb8e5a0408c15
fd0142b826b8260,fe3bd3077a0eb829,nginx-web-server,register_client,1669361910902763,1669361910902,82617,,,CHILD_OF,873d4d7af4d1cbca,fd0142b826b8260
2c7dcb7d53155c3d,ec7dba2a21abc00c,nginx-web-server,register_client,1669361910904095,1669361910904,117431,,,CHILD_OF,6675b40d8766c034,2c7dcb7d53155c3d
2ac30ac0e7e9fa39,e4dc9c25a38e1f32,nginx-web-server,register_client,1669361910908613,1669361910908,77313,,,CHILD_OF,16fb2dcc854bc125,2ac30ac0e7e9fa39
e0f92ea659573ee,33c7de53dbc97d56,nginx-web-server,register_client,1669361910912699,1669361910912,95224,,,CHILD_OF,1dfd4bfdaa1d0980,e0f92ea659573ee
1081e31cdaf9a51e,51431eb65da4e6d6,nginx-web-server,register_client,1669361910914050,1669361910914,74512,,,CHILD_OF,debe7b9e5db8b965,1081e31cdaf9a51e
200f08e3d22b2134,439edfa27b3dce23,nginx-web-server,register_client,1669361910916336,1669361910916,106130,,,CHILD_OF,84b6fe5539ecbc1e,200f08e3d22b2134
c941959ef1115f1,27db47e1b7380ab2,nginx-web-server,register_client,1669361910918262,1669361910918,72972,,,CHILD_OF,3b5b0c522b3c1920,c941959ef1115f1
29edf31cedfd8828,4a318560e7f2a364,nginx-web-server,register_client,1669361910924398,1669361910924,100389,,,CHILD_OF,cd35699f205e66b9,29edf31cedfd8828
1ddc37b3ecf36ea0,1fd172881cc988b4,nginx-web-server,register_client,1669361910925790,1669361910925,97157,,,CHILD_OF,5161e924aaa5501a,1ddc37b3ecf36ea0
7fe4eafb620e25e,ad556c53ac62dfbc,nginx-web-server,register_client,1669361910926044,1669361910926,96600,,,CHILD_OF,ab0b25f566ebae69,7fe4eafb620e25e
61ee66a44e7f8e2,9608004d8e6a9bb2,nginx-web-server,register_client,1669361910932958,1669361910932,64471,,,CHILD_OF,7bcaa8f9d084c656,61ee66a44e7f8e2
140811a74ba1d879,dfc4f629a8b48c7c,nginx-web-server,register_client,1669361910938053,1669361910938,72732,,,CHILD_OF,e0e242f28802e48c,140811a74ba1d879
309aae16c9071f9c,633a6f2d10a1784b,nginx-web-server,register_client,1669361910940817,1669361910940,88845,,,CHILD_OF,b8107cd5bdf92b68,309aae16c9071f9c
4f3acfc93e0b12a,937e95194acbe512,nginx-web-server,register_client,1669361910942765,1669361910942,61870,,,CHILD_OF,3fb23dfa39869fdb,4f3acfc93e0b12a
1fba0790bba8381b,5a9cfcd42aef0914,nginx-web-server,register_client,1669361910955276,1669361910955,164729,,,CHILD_OF,eefa876d48620451,1fba0790bba8381b
2f430dd0fbf7e15,62f8e8e233773606,nginx-web-server,register_client,1669361910955578,1669361910955,121905,,,CHILD_OF,62ecf702c626dbcd,2f430dd0fbf7e15
28f3e0bcb8470900,f36f8ac95db50d35,nginx-web-server,register_client,1669361910958312,1669361910958,169771,,,CHILD_OF,d551257c54bc5b48,28f3e0bcb8470900
2cc56aec6a1f63bf,290d3ac109cf4680,nginx-web-server,register_client,1669361910958911,1669361910958,160204,,,CHILD_OF,d8d5ef907dfab415,2cc56aec6a1f63bf
16c8fd6f0af88eb0,313ff2da88f9e1d0,nginx-web-server,register_client,1669361910960760,1669361910960,151266,,,CHILD_OF,c122709c5eb420f4,16c8fd6f0af88eb0
b8601a6d2359ec9,5baeb3ffc1fed704,nginx-web-server,register_client,1669361910969469,1669361910969,95486,,,CHILD_OF,502e3b0fc02d8f7e,b8601a6d2359ec9
d3b4658c1f5f139,f52c0d4127c27f64,nginx-web-server,register_client,1669361910971065,1669361910971,169291,,,CHILD_OF,7a337b51c62fb536,d3b4658c1f5f139
104bf64088a97f9,371bca0cb8a403c8,nginx-web-server,register_client,1669361910973251,1669361910973,80502,,,CHILD_OF,bbb03d6039ada796,104bf64088a97f9
31f4910dfa29c287,75f896eec3002024,nginx-web-server,register_client,1669361910975706,1669361910975,117835,,,CHILD_OF,471a296190d51a11,31f4910dfa29c287
1a38d8c59570ef6b,45b4d58a86fc096a,nginx-web-server,register_client,1669361910975844,1669361910975,90470,,,CHILD_OF,650c7718c5f54220,1a38d8c59570ef6b
ee5eb63a16aacac,f2539a339d075e99,nginx-web-server,register_client,1669361910976306,1669361910976,83625,,,CHILD_OF,edc647452a5d3e66,ee5eb63a16aacac
1a02efb7476f491e,f1d80a3a9bbbd9b1,nginx-web-server,register_client,1669361910983379,1669361910983,87445,,,CHILD_OF,64964481861b1421,1a02efb7476f491e
1d8b03b8a0017a09,95e57ff12c36adc,nginx-web-server,register_client,1669361910986624,1669361910986,81973,,,CHILD_OF,5b3c86a9a3920a2b,1d8b03b8a0017a09
171bf3001bd5d3a2,d51814f46d5f5753,nginx-web-server,register_client,1669361910990913,1669361910990,94336,,,CHILD_OF,cfec9bf5436c9766,171bf3001bd5d3a2
1143258ba4aaff19,62ac5168eb54c8dd,nginx-web-server,register_client,1669361910997722,1669361910997,153937,,,CHILD_OF,b305948ad28b124b,1143258ba4aaff19
256fbf69842bba2c,b5dee86137a67fc2,nginx-web-server,register_client,1669361911008111,1669361911008,39637,,,CHILD_OF,500c31ad9b7f6ac4,256fbf69842bba2c
206cde1206319da0,ae67b50075c76f0b,nginx-web-server,register_client,1669361911008576,1669361911008,41507,,,CHILD_OF,fb54b82cdc6faad1,206cde1206319da0
24eec425fa3e8ff6,99e54e98c3836478,nginx-web-server,register_client,1669361911011583,1669361911011,50108,,,CHILD_OF,77317638bc63da78,24eec425fa3e8ff6
9e3c4327c1677b2,22a95688f990538f,nginx-web-server,register_client,1669361911012634,1669361911012,40186,,,CHILD_OF,c95253b929294390,9e3c4327c1677b2
211b1295c9ecd89c,16957466c647f689,nginx-web-server,register_client,1669420762749367,1669420762749,2178,,,CHILD_OF,cb9bc80df966e00a,211b1295c9ecd89c
211d4270f19ecdde,f1ee326aedd39f67,nginx-web-server,register_client,1669420762754299,1669420762754,1661,,,CHILD_OF,126af5b51a966ce7,211d4270f19ecdde
78d9007cd598e0c,d26f87914dae7f79,nginx-web-server,register_client,1669420762757324,1669420762757,1246,,,CHILD_OF,ab9fd75ad9821a7d,78d9007cd598e0c
31b8146443d95ab1,f48550891d271a3f,nginx-web-server,register_client,1669420762769425,1669420762769,1179,,,CHILD_OF,75d991cfbe68bdb7,31b8146443d95ab1
29381c2f7fcfb954,c08476ceaebb5d2,nginx-web-server,register_client,1669420762771967,1669420762771,1295,,,CHILD_OF,8db9668d97060a9e,29381c2f7fcfb954
27715e87d8df56f2,98f8d74ae28c086d,nginx-web-server,register_client,1669420762777032,1669420762777,1368,,,CHILD_OF,1f8460c0c03386b2,27715e87d8df56f2
117b5a43c64826fd,206b16eee6910398,nginx-web-server,register_client,1669420762792104,1669420762792,1269,,,CHILD_OF,31ef5b13c746d7a4,117b5a43c64826fd
53469a8c9bbe530,5fbb19903fe20574,nginx-web-server,register_client,1669420762794697,1669420762794,1198,,,CHILD_OF,3cafec8d7d46ab13,53469a8c9bbe530
143ab7d5954849d,d6b4013fc69c8b41,nginx-web-server,register_client,1669420762809811,1669420762809,1210,,,CHILD_OF,6f99a996e631d4d7,143ab7d5954849d
22d95cdb5f4139f,4fad7a09259b18c0,nginx-web-server,register_client,1669420762826879,1669420762826,1099,,,CHILD_OF,a4822523cbe0d02f,22d95cdb5f4139f
32b3d05fde55124d,faec1e1ca1da921f,nginx-web-server,register_client,1669420762829329,1669420762829,1260,,,CHILD_OF,a119d778a499a384,32b3d05fde55124d
